id_1,id_2,ticker,assessment_year,Environmental Dimension,Governance & Economic Dimension,Social Dimension,price,ibov,esg,delta_e,delta_s,delta_g,delta_alpha,delta_esg
0,0,ABEV3,2013,14.6786535,37.899684,31.1689285,17.32,51507,27.915755333333333,0.3017315000000007,1.4048119999999997,-2.724642499999998,0.0006466666666666659,-0.33936633333333077
1,1,ABEV3,2014,14.980385,39.304496,28.444286,16.35,50007,27.576389000000002,11.485757999999999,-3.9284960000000027,5.0085839999999955,-0.0002253267237494367,4.188615333333324
2,2,ABEV3,2015,26.466143,35.376,33.45287,17.85,43350,31.765004333333327,-0.38783499999999904,-1.6526050000000012,-5.985589999999998,-8.591574331931047e-05,-2.6753433333333305
3,3,ABEV3,2016,26.078308,33.723395,27.46728,16.4,60227,29.089660999999996,6.798279000000001,-1.1443469999999962,6.727912,0.00030170015455950556,4.1272813333333325
4,4,ABEV3,2017,32.876587,32.579048,34.195192,21.28,76402,33.21694233333333,-11.821863,-14.780825,-10.905542999999998,-0.0007029997710098466,-12.502743666666664
5,5,ABEV3,2018,21.054724,17.798223,23.289649,15.14,85136,20.714198666666665,25.619238000000003,2.9466409999999996,9.471751999999999,0.0001317643973909338,12.679210333333334
6,6,ABEV3,2019,46.673962,20.744864,32.761401,19.16,115645,33.393409,13.342005,11.468203000000003,16.977141000000003,-0.001005338078291815,13.92911633333334
7,7,ABEV3,2020,60.015967,32.213067,49.738542,15.77,119017,47.32252533333334,0.0,0.0,0.0,0.0,0.0
8,8,AGRO3,2020,9.985714,9.799185,12.1975,25.26,119017,10.660799666666668,0.0,0.0,0.0,0.0,0.0
9,9,ALPA4,2019,17.471375,4.18122,9.750658,32.66,115645,10.467751,-12.596632,4.704162,-8.664171999999999,0.002731316725978648,-5.518880666666667
10,10,ALPA4,2020,4.874743,8.885382,1.086486,41.87,119017,4.948870333333333,0.0,0.0,0.0,0.0,0.0
11,11,ALUP11,2019,0.507692,7.785872,5.224138,27.5,115645,4.505900666666666,-0.507692,0.001578999999999553,0.48965499999999995,-0.00021055753262158981,-0.005485999999999436
12,12,ALUP11,2020,0.0,7.787451,5.713793,26.79,119017,4.500414666666667,0.0,0.0,0.0,0.0,0.0
13,13,AMAR3,2020,0.0,9.041834,3.393588,6.52,119017,4.145140666666666,0.0,0.0,0.0,0.0,0.0
14,14,AMBP3,2020,0.0,4.779487,0.0,26.7,119017,1.5931623333333331,0.0,0.0,0.0,0.0,0.0
15,15,ANIM3,2020,0.0,6.450894,0.0,36.03,119017,2.150298,0.0,0.0,0.0,0.0,0.0
16,16,AZUL4,2017,6.521739,22.867674,16.470588,26.9,76402,15.286667,-6.521739,-14.391203,-14.411764,0.0009148156629264944,-11.774901999999999
17,17,AZUL4,2018,0.0,8.476471,2.058824,34.89,85136,3.511765,3.135849,4.677135999999999,6.877941,0.0007509259562751973,4.896975333333332
18,18,AZUL4,2019,3.135849,13.153607,8.936765,57.8,115645,8.408740333333332,24.582871,46.506813,50.969122,-0.00594009489916963,40.68626866666667
19,19,AZUL4,2020,27.71872,59.66042,59.905887,37.77,119017,49.095009000000005,0.0,0.0,0.0,0.0,0.0
20,20,BBAS3,2013,75.58185,86.165552,80.143432,24.4,51507,80.63027800000002,4.784497999999999,4.199664999999996,5.559511999999998,0.0004199999999999993,4.847891666666641
21,21,BBAS3,2014,80.366348,90.365217,85.702944,23.77,50007,85.47816966666666,0.20278199999999913,-6.139938999999998,-0.23007599999999684,0.0013564668769716088,-2.0557443333333225
22,22,BBAS3,2015,80.56913,84.225278,85.472868,14.74,43350,83.42242533333334,5.668483999999992,2.644488999999993,-1.1489520000000084,0.0007910173609053741,2.3880069999999876
23,23,BBAS3,2016,86.237614,86.869767,84.323916,28.09,60227,85.81043233333332,0.6040040000000033,-4.799717999999999,-8.379178999999993,0.0002306027820710974,-4.191630999999987
24,24,BBAS3,2017,86.841618,82.070049,75.944737,31.82,76402,81.61880133333334,-0.4798929999999899,-5.056865999999999,-3.245473000000004,0.0014380581634989699,-2.927410666666674
25,25,BBAS3,2018,86.361725,77.013183,72.699264,44.38,85136,78.69139066666666,2.3694579999999945,5.130772000000007,18.384325000000004,0.0002815562620865973,8.628185000000002
26,26,BBAS3,2019,88.731183,82.143955,91.083589,52.97,115645,87.31957566666667,7.928997999999993,-0.6921650000000028,-6.485014499999991,-0.004039145907473309,0.2506061666666568
27,27,BBAS3,2020,96.660181,81.45179,84.59857450000001,39.35,119017,87.57018183333332,0.0,0.0,0.0,0.0,0.0
28,28,BBDC4,2013,70.542917,90.937544,77.528857,29.09,51507,79.66977266666667,-1.3307570000000055,-1.7221389999999985,3.412378000000004,-0.003980000000000002,0.11982733333333329
29,29,BBDC4,2014,69.21216,89.215405,80.941235,35.06,50007,79.78960000000001,-5.0622259999999955,-7.175893000000002,1.8547089999999997,0.0023704371338440743,-3.4611366666666754
30,30,BBDC4,2015,64.149934,82.039512,82.795944,19.28,43350,76.32846333333333,7.189318999999998,3.9319009999999963,0.8680829999999986,0.0005759317414232387,3.9964343333333403
31,31,BBDC4,2016,71.339253,85.971413,83.664027,29.0,60227,80.32489766666667,16.892022999999995,-1.5095809999999972,8.516753999999992,0.0002998454404945905,7.966398666666649
32,32,BBDC4,2017,88.231276,84.461832,92.180781,33.85,76402,88.29129633333332,0.658292000000003,-6.2714500000000015,-2.5801579999999973,0.00031486146095717883,-2.731105333333332
33,33,BBDC4,2018,88.889568,78.190382,89.600623,36.6,85136,85.56019099999999,-0.5888319999999965,-4.586382999999998,4.802937,-1.2455341046904276e-05,-0.1240926666666411
34,34,BBDC4,2019,88.300736,73.603999,94.40356,36.22,115645,85.43609833333335,7.629289,6.556367999999992,-1.946444999999997,-0.002440688018979834,4.079737333333313
35,35,BBDC4,2020,95.930025,80.160367,92.457115,27.99,119017,89.51583566666666,0.0,0.0,0.0,0.0,0.0
36,36,BBSE3,2013,35.473333,42.185598,29.4392,24.5,51507,35.699377,-25.934870999999994,-9.103985000000002,-16.839199999999998,-0.005106666666666665,-17.29268533333333
37,37,BBSE3,2014,9.538462,33.081613,12.6,32.16,50007,18.406691666666667,-0.7384620000000002,4.330743000000005,6.707692,0.0011762054979720592,3.433324333333335
38,38,BBSE3,2015,8.8,37.412356,19.307692,24.33,43350,21.840016000000002,0.0,0.7221879999999956,-4.50953,0.00023523137998459457,-1.2624473333333341
39,39,BBSE3,2016,8.8,38.134544,14.798162,28.3,60227,20.577568666666668,-0.5913040000000009,-9.980099999999997,2.892463000000001,1.1746522411128144e-05,-2.559647000000002
40,40,BBSE3,2017,8.208696,28.154444,17.690625,28.49,76402,18.017921666666666,-8.208696,-12.938484,-1.4598210000000016,-0.0001934966796427751,-7.535666999999998
41,41,BBSE3,2018,0.0,15.21596,16.230804,26.8,85136,10.482254666666668,0.0,5.545366,-4.989439999999998,0.0003618604346258482,0.1853086666666659
42,42,BBSE3,2019,0.0,20.761326,11.241364,37.84,115645,10.667563333333334,0.0,-1.2771860000000004,-2.2913640000000015,-0.0024051008303677354,-1.1895166666666679
43,43,BBSE3,2020,0.0,19.48414,8.95,29.73,119017,9.478046666666666,0.0,0.0,0.0,0.0,0.0
44,44,BEEF3,2017,24.741429,21.598095,25.965,10.65,76402,24.101508,-10.887858,-16.618208000000003,-17.235,5.3257905868562544e-05,-14.913688666666665
45,45,BEEF3,2019,13.853571,4.979887,8.73,12.74,115645,9.187819333333334,9.590607,2.2804510000000002,4.609999999999999,-0.0007265717674970348,5.493686
46,46,BEEF3,2020,23.444178,7.260338,13.34,10.29,119017,14.681505333333334,0.0,0.0,0.0,0.0,0.0
47,47,BKBR3,2018,0.0,8.564208,0.9,20.17,85136,3.154736,0.0,-3.281911000000001,2.176923,-0.00027035801776807065,-0.3683293333333335
48,48,BKBR3,2020,0.0,5.282297,3.076923,11.01,119017,2.7864066666666667,0.0,0.0,0.0,0.0,0.0
49,49,BPAN4,2020,0.0,3.69378,0.0,10.1,119017,1.23126,0.0,0.0,0.0,0.0,0.0
50,50,BRAP3,2017,6.515152,26.412258,19.393939,24.73,76402,17.440449666666666,-6.515152,-14.079848000000002,-19.393939,0.0003549347378062741,-13.329646333333333
51,51,BRAP3,2018,0.0,12.33241,0.0,27.83,85136,4.110803333333333,0.0,-4.389010999999999,0.0,0.0002717230981021993,-1.4630036666666664
52,52,BRAP3,2019,0.0,7.943399,0.0,36.12,115645,2.6477996666666668,0.0,3.1227609999999997,1.69697,0.006370106761565838,1.6065769999999997
53,53,BRAP3,2020,0.0,11.06616,1.69697,57.6,119017,4.2543766666666665,0.0,0.0,0.0,0.0,0.0
54,54,BRDT3,2018,0.454545,5.556091,12.027806,24.25,85136,6.012814,-0.004544999999999966,1.0381019999999994,-2.6385199999999998,0.00020256317807859975,-0.5349876666666669
55,55,BRDT3,2019,0.45,6.594193,9.389286,30.43,115645,5.477826333333333,75.887767,41.656732500000004,37.533422,-0.002452550415183867,51.6926405
56,56,BRDT3,2020,76.337767,48.2509255,46.922708,22.16,119017,57.170466833333336,0.0,0.0,0.0,0.0,0.0
57,57,BRFS3,2013,57.407556,67.591013,63.938971,49.25,51507,62.97918000000001,4.253653,-0.9082890000000106,-5.853481000000002,-0.009459999999999998,-0.8360390000000137
58,58,BRFS3,2014,61.661209,66.682724,58.08549,63.44,50007,62.14314099999999,2.9003649999999936,-14.732434999999995,0.22706199999999654,0.0012077512392969804,-3.8683359999999993
59,59,BRFS3,2015,64.561574,51.950289,58.312552,55.4,43350,58.27480499999999,-0.7219909999999956,7.0463160000000045,5.276044000000006,-0.00042365349291935764,3.8667896666666692
60,60,BRFS3,2016,63.839583,58.996605,63.588596,48.25,60227,62.14159466666666,1.661594000000001,-6.156228000000006,4.198474999999995,-0.0007202472952086553,-0.09871966666666054
61,61,BRFS3,2017,65.501177,52.840377,67.787071,36.6,76402,62.042875,-11.587671,-12.105815,-22.022731999999998,-0.001683077627662011,-15.238739333333335
62,62,BRFS3,2018,53.913506,40.734562,45.764339,21.9,85136,46.80413566666667,1.6455150000000032,-6.910913999999998,3.261021999999997,0.0004372480251728999,-0.6681256666666684
63,63,BRFS3,2019,55.559021,33.823648,49.025361,35.24,115645,46.13601,2.368935999999998,18.003256,8.988432000000003,-0.0037930011862396212,9.78687466666667
64,64,BRFS3,2020,57.927957,51.826904,58.013793,22.45,119017,55.92288466666667,0.0,0.0,0.0,0.0,0.0
65,65,BRKM5,2013,79.931422,77.185714,70.616812,21.0,51507,75.911316,-0.5442850000000021,4.451589999999996,1.4742889999999989,0.0023333333333333335,1.7938646666666642
66,66,BRKM5,2014,79.387137,81.637304,72.091101,17.5,50007,77.70518066666666,3.5481900000000053,-0.4158999999999935,1.2324780000000004,-0.001520204296229533,1.4549226666666755
67,67,BRKM5,2015,82.935327,81.221404,73.323579,27.62,43350,79.16010333333334,6.080832999999998,4.506239999999991,6.953232,0.0003928423297979498,5.84676833333333
68,68,BRKM5,2016,89.01616,85.727644,80.276811,34.25,60227,85.00687166666667,-14.535388999999995,-11.309201999999999,0.17430000000000234,0.0005329211746522409,-8.556763666666669
69,69,BRKM5,2017,74.480771,74.418442,80.451111,42.87,76402,76.450108,9.024064999999993,-14.487994,-5.9828079999999915,0.00040416762079230605,-3.8155789999999996
70,70,BRKM5,2018,83.504836,59.930448,74.468303,46.4,85136,72.634529,-5.496015999999997,6.830610000000007,-8.921917000000008,-0.000523124323969976,-2.5291076666666754
71,71,BRKM5,2019,78.00882,66.761058,65.546386,30.44,115645,70.10542133333333,2.543772000000004,-0.930759000000009,-1.9058920000000015,-0.002197508896797153,-0.0976263333333236
72,72,BRKM5,2020,80.552592,65.830299,63.640494,23.03,119017,70.007795,0.0,0.0,0.0,0.0,0.0
73,73,BRML3,2013,17.5125,41.248077,19.580294,17.05,51507,26.113623666666665,-5.295833,0.43392300000000006,-2.098626999999997,0.000413333333333334,-2.320178999999996
74,74,BRML3,2014,12.216667,41.682,17.481667,16.43,50007,23.79344466666667,1.6386150000000015,4.693599999999996,0.2311109999999985,0.0008006609583896651,2.1877753333333274
75,75,BRML3,2015,13.855282,46.3756,17.712778,11.1,43350,25.981219999999997,2.6922049999999995,0.35327999999999804,-2.4305559999999993,5.0364401256147396e-05,0.20497633333333454
76,76,BRML3,2016,16.547487,46.72888,15.282222,11.95,60227,26.18619633333333,-3.0066450000000007,-14.554236999999993,-0.7710460000000001,4.822256568778987e-05,-6.110642666666664
77,77,BRML3,2017,13.540842,32.174643,14.511176,12.73,76402,20.075553666666668,-7.2749999999999995,-20.265942000000003,-13.445,-4.579803068468161e-06,-13.661980666666668
78,78,BRML3,2018,6.265842,11.908701,1.066176,12.69,85136,6.4135729999999995,-1.4263130000000004,20.978189999999998,25.338188000000002,0.00017339145825821892,14.963355000000004
79,79,BRML3,2019,4.839529,32.886891,26.404364,17.98,115645,21.376928000000003,7.61175,-2.132237,4.705352999999999,-0.002292408066429419,3.394955333333332
80,80,BRML3,2020,12.451279,30.754654,31.109717,10.25,119017,24.771883333333335,0.0,0.0,0.0,0.0,0.0
81,81,BRPR3,2019,0.0,6.092105,0.0,14.2,115645,2.030701666666667,0.0,1.024089,0.0,-0.0012247924080664291,0.34136299999999986
82,82,BRPR3,2020,0.0,7.116194,0.0,10.07,119017,2.3720646666666667,0.0,0.0,0.0,0.0,0.0
83,83,BRSR6,2017,8.380952,33.911087,13.939394,14.9,76402,18.743811,-8.380952,-16.860659000000002,-6.181818,0.0006926952141057933,-10.474476333333333
84,84,BRSR6,2018,0.0,17.050428,7.757576,20.95,85136,8.269334666666667,0.0,-2.8243989999999997,-5.132576,2.4582909960995117e-05,-2.6523250000000003
85,85,BRSR6,2019,0.0,14.226029,2.625,21.7,115645,5.617009666666667,0.0,-0.4814550000000004,-2.625,-0.0022538552787663107,-1.0354850000000004
86,86,BRSR6,2020,0.0,13.744574,0.0,14.1,119017,4.581524666666667,0.0,0.0,0.0,0.0,0.0
87,87,CAML3,2020,0.0,1.849624,0.0,11.4,119017,0.6165413333333333,0.0,0.0,0.0,0.0,0.0
88,88,CCRO3,2013,14.363724,40.705849,37.887163,17.77,51507,30.98557866666667,1.4382200000000012,-1.4427360000000036,-8.787591000000003,0.001573333333333333,-2.9307023333333397
89,89,CCRO3,2014,15.801944,39.263113,29.099572,15.41,50007,28.05487633333333,5.164555999999999,1.4380360000000039,2.4139540000000004,0.0004296229532822592,3.005515333333335
90,90,CCRO3,2015,20.9665,40.701149,31.513526,12.55,43350,31.060391666666664,16.849238000000003,1.7263769999999994,-4.4747759999999985,0.00020205012739230905,4.70027966666667
91,91,CCRO3,2016,37.815738,42.427526,27.03875,15.96,60227,35.760671333333335,17.594392,0.8353979999999979,17.370154999999997,1.1746522411128144e-05,11.933315
92,92,CCRO3,2017,55.41013,43.262924,44.408905,16.15,76402,47.693986333333335,-8.634782000000001,-16.062739999999998,-14.728165999999998,-0.0005415617128463475,-13.141896000000003
93,93,CCRO3,2018,46.775348,27.200184,29.680739,11.42,85136,34.55209033333333,-10.241878,-14.268768,-3.9536289999999994,0.0002536956307974696,-9.488091666666666
94,94,CCRO3,2019,36.53347,12.931416,25.72711,19.16,115645,25.063998666666667,-2.080144000000004,7.377363999999998,-1.118392,-0.001690391459074733,1.3929426666666664
95,95,CCRO3,2020,34.453326,20.30878,24.608718,13.46,119017,26.456941333333333,0.0,0.0,0.0,0.0,0.0
96,96,CEAB3,2020,0.0,1.092,0.0,12.83,119017,0.36400000000000005,0.0,0.0,0.0,0.0,0.0
97,97,CIEL3,2013,9.359524,31.540392,16.517857,65.65,51507,19.13925766666667,19.321428,4.24502,8.539286,0.01598666666666667,10.701911333333328
98,98,CIEL3,2014,28.680952,35.785412,25.057143,41.67,50007,29.841168999999997,31.821752999999998,26.495657,34.818642999999994,0.0012137599519302987,31.045351
99,99,CIEL3,2015,60.502705,62.281069,59.875786,33.59,43350,60.88652,7.132740000000005,11.086913999999993,9.303882000000009,-0.00033773774960004757,9.174512
100,100,CIEL3,2016,67.635445,73.367983,69.179668,27.89,60227,70.061032,-2.2530750000000097,-0.8010639999999967,-0.057976000000010686,-0.0002701700154559506,-1.0373716666666724
101,101,CIEL3,2017,65.38237,72.566919,69.121692,23.52,76402,69.02366033333332,1.1005439999999993,-10.002868999999997,-0.7830069999999978,-0.0016762079230593083,-3.228443999999996
102,102,CIEL3,2018,66.482914,62.56405,68.338685,8.88,85136,65.79521633333333,21.866292,-1.9989640000000009,-1.549911999999992,-1.1144252515651173e-05,6.105805333333336
103,103,CIEL3,2019,88.349206,60.565086,66.788773,8.54,115645,71.90102166666667,-4.178295999999989,4.728558999999997,3.601703999999998,-0.0014027283511269272,1.383989000000014
104,104,CIEL3,2020,84.17091,65.293645,70.390477,3.81,119017,73.28501066666668,0.0,0.0,0.0,0.0,0.0
105,105,CMIG4,2013,81.45716,87.082866,83.560033,14.01,51507,84.033353,1.549672000000001,0.4257649999999984,-1.0164950000000061,0.0005799999999999995,0.31964733333333584
106,106,CMIG4,2014,83.006832,87.508631,82.543538,13.14,50007,84.35300033333334,-4.934669999999997,-3.7010939999999977,7.591261000000003,0.0010530268889890342,-0.34816766666666865
107,107,CMIG4,2015,78.072162,83.807537,90.134799,6.13,43350,84.00483266666667,0.3063359999999875,-0.12447199999999725,-5.146963999999997,9.361853409966227e-05,-1.6550333333333356
108,108,CMIG4,2016,78.378498,83.683065,84.987835,7.71,60227,82.34979933333334,6.455309,-0.27682400000000484,5.348782,-5.193199381761977e-05,3.8424223333333316
109,109,CMIG4,2017,84.833807,83.406241,90.336617,6.87,76402,86.19222166666667,-1.5508679999999941,-6.922897999999989,-6.828538000000009,0.0007258987863521869,-5.100768000000002
110,110,CMIG4,2018,83.282939,76.483343,83.508079,13.21,85136,81.09145366666667,4.213790000000003,-0.7194940000000116,8.605336000000008,1.573306237503683e-05,4.033210666666676
111,111,CMIG4,2019,87.496729,75.763849,92.113415,13.69,115645,85.12466433333334,-6.704886999999999,0.3837740000000025,-1.7850140000000039,0.0002461447212336892,-2.7020423333333525
112,112,CMIG4,2020,80.791842,76.147623,90.328401,14.52,119017,82.42262199999999,0.0,0.0,0.0,0.0,0.0
113,113,COCE5,2020,0.0,0.894375,2.36095,59.2,119017,1.0851083333333333,0.0,0.0,0.0,0.0,0.0
114,114,CPFE3,2013,76.692697,75.04442,78.867861,19.09,51507,76.86832600000001,-2.1439769999999925,3.216596999999993,1.0231469999999945,0.00040000000000000094,0.6985889999999841
115,115,CPFE3,2014,74.54872,78.261017,79.891008,18.49,50007,77.566915,4.971278999999996,-1.2450929999999971,2.6703449999999975,0.0004972209704070901,2.1321769999999987
116,116,CPFE3,2015,79.519999,77.015924,82.561353,15.18,43350,79.699092,7.1031930000000045,5.933283000000003,2.2489599999999967,0.0005942999348225396,5.095145333333349
117,117,CPFE3,2016,86.623192,82.949207,84.810313,25.21,60227,84.79423733333334,-28.026395,-30.191880000000005,-18.30411699999999,-0.00036228748068006176,-25.507464000000006
118,118,CPFE3,2017,58.596797,52.757327,66.506196,19.35,76402,59.286773333333336,-30.612771000000002,-40.359607999999994,-37.431073,0.001013281428898557,-36.134484
119,119,CPFE3,2018,27.984026,12.397719,29.075123,28.2,85136,23.152289333333332,-3.199231000000001,-0.05961000000000105,-0.9281570000000023,0.0002359959356255531,-1.3956659999999985
120,120,CPFE3,2019,24.784795,12.338109,28.146966,35.4,115645,21.756623333333334,5.5532910000000015,4.399532000000001,-10.330133,-0.0009460260972716482,-0.12576999999999927
121,121,CPFE3,2020,30.338086,16.737641,17.816833,32.21,119017,21.630853333333334,0.0,0.0,0.0,0.0,0.0
122,122,CPLE6,2013,56.051431,71.579527,65.711707,30.53,51507,64.44755500000001,-3.892879999999998,0.7888230000000078,1.0178999999999974,-0.003579999999999998,-0.6953856666666738
123,123,CPLE6,2014,52.158551,72.36835,66.729607,35.9,50007,63.752169333333335,11.581626999999997,-3.024934000000002,2.336710999999994,0.00174252666366231,3.631134666666661
124,124,CPLE6,2015,63.740178,69.343416,69.066318,24.3,43350,67.383304,-19.365789,-23.843850000000003,-16.035311999999998,1.966598087861547e-05,-19.748317
125,125,CPLE6,2017,44.374389,45.499566,53.031006,24.95,76402,47.634986999999995,-18.85584,-12.773350999999998,-21.585579999999997,0.0005678955804900391,-17.738256999999994
126,126,CPLE6,2018,25.518549,32.726215,31.445426,29.91,85136,29.89673,5.407737999999998,-8.241048000000003,-6.461805000000002,0.0012298010423153827,-3.0983716666666723
127,127,CPLE6,2019,30.926287,24.485167,24.983621,67.43,115645,26.79835833333333,36.10804399999999,18.893978999999998,35.998675,0.0026156583629893216,30.333566
128,128,CPLE6,2020,67.034331,43.379146,60.982296,76.25,119017,57.13192433333333,0.0,0.0,0.0,0.0,0.0
129,129,CRFB3,2017,10.709677,21.948718,11.8,15.25,76402,14.819465,-10.709677,-21.221066999999998,-11.8,0.0002656285779711473,-14.576914666666665
130,130,CRFB3,2018,0.0,0.727651,0.0,17.57,85136,0.24255033333333334,0.0,-0.027651000000000092,0.0,0.0001878134321020027,-0.00921700000000003
131,131,CRFB3,2019,0.0,0.7,0.0,23.3,115645,0.2333333333333333,0.0,0.933333,3.232041,-0.0011358244365361808,1.388458
132,132,CRFB3,2020,0.0,1.633333,3.232041,19.47,119017,1.6217913333333334,0.0,0.0,0.0,0.0,0.0
133,133,CSAN3,2013,9.878214,54.501818,32.148323,39.58,51507,32.176118333333335,5.977857,0.008828000000001168,2.2097420000000056,0.007153333333333331,2.7321423333333357
134,134,CSAN3,2014,15.856071,54.510646,34.358065,28.85,50007,34.90826066666667,1.4509289999999986,-9.706098000000004,-4.638368000000003,0.0005482950277902963,-4.297845666666671
135,135,CSAN3,2015,17.307,44.804548,29.719697,25.2,43350,30.610415,-10.242483999999997,-10.624547999999997,-16.881859,0.0007673164661965989,-12.582963666666668
136,136,CSAN3,2016,7.064516,34.18,12.837838,38.15,60227,18.02745133333333,2.637097,-2.8888239999999996,7.575801,0.0002071097372488409,2.4413580000000046
137,137,CSAN3,2017,9.701613,31.291176,20.413639,41.5,76402,20.468809333333336,-7.8006910000000005,-24.992152,-13.883177,-0.0010167162811999086,-15.558673333333335
138,138,CSAN3,2018,1.900922,6.299024,6.530462,32.62,85136,4.9101360000000005,19.774703,25.039118000000002,15.945034,0.0012261955488544365,20.252951666666664
139,139,CSAN3,2019,21.675625,31.338142,22.475496,70.03,115645,25.163087666666666,48.52211700000001,6.157917000000001,28.24132,0.0019365361803084227,27.640451333333335
140,140,CSAN3,2020,70.197742,37.496059,50.716816,76.56,119017,52.803539,0.0,0.0,0.0,0.0,0.0
141,141,CSMG3,2013,19.28588,35.320398,36.051687,37.2,51507,30.219321666666662,3.3878090000000007,6.592903,3.2562269999999955,0.008013333333333336,4.412313000000001
142,142,CSMG3,2014,22.673689,41.913301,39.307914,25.18,50007,34.63163466666666,-2.8858099999999993,-22.047817,-9.937543999999995,0.0006899033907937109,-11.623723666666667
143,143,CSMG3,2017,19.787879,19.865484,29.37037,43.39,76402,23.007910999999996,-10.235498,-11.109806999999998,-16.952459,0.0016143805816349898,-12.76592133333333
144,144,CSMG3,2018,9.552381,8.755677,12.417911,57.49,85136,10.241989666666667,-1.682684,-1.1970260000000001,0.16033599999999915,0.00034776623291487733,-0.9064580000000007
145,145,CSMG3,2019,7.869697,7.558651,12.578247,68.1,115645,9.335531666666666,-7.869697,-0.622401,-6.7854589999999995,-0.01531138790035587,-5.092519
146,146,CSMG3,2020,0.0,6.93625,5.792788,16.47,119017,4.243012666666666,0.0,0.0,0.0,0.0,0.0
147,147,CSNA3,2013,7.616053,45.028,28.913514,14.38,51507,27.18585566666667,-2.160171,-0.6703079999999986,0.35248599999999897,0.005866666666666667,-0.825997666666666
148,148,CSNA3,2014,5.455882,44.357692,29.266,5.58,50007,26.359858000000003,2.6764710000000003,-6.200000000000003,-10.831,0.0002373441490160733,-4.784843000000006
149,149,CSNA3,2015,8.132353,38.157692,18.435,4.0,43350,21.575014999999997,0.27941200000000066,-6.128726,-0.25932399999999944,0.0004058778218877762,-2.036212666666664
150,150,CSNA3,2016,8.411765,32.028966,18.175676,10.85,60227,19.538802333333333,-1.4723710000000008,-5.316024999999996,3.581900000000001,-0.00015270479134466762,-1.0688320000000004
151,151,CSNA3,2017,6.939394,26.712941,21.757576,8.38,76402,18.469970333333332,-6.300433,-9.940914,-19.160173,2.862376917792535e-05,-11.800506666666667
152,152,CSNA3,2018,0.638961,16.772027,2.597403,8.63,85136,6.669463666666666,0.12467499999999998,0.17673800000000028,-0.05194799999999988,0.00017470254678947196,0.08315500000000053
153,153,CSNA3,2019,0.763636,16.948765,2.545455,13.96,115645,6.752618666666667,37.164747,12.074475999999997,31.958357000000003,0.005065243179122182,27.065859999999997
154,154,CSNA3,2020,37.928383,29.023241,34.503812,31.04,119017,33.818478666666664,0.0,0.0,0.0,0.0,0.0
155,155,CYRE3,2013,10.914865,41.881724,21.435588,14.4,51507,24.744058999999996,-0.844595,-0.922551999999996,-0.20852899999999863,0.0022266666666666667,-0.6585586666666643
156,156,CYRE3,2014,10.07027,40.959172,21.227059,11.06,50007,24.085500333333332,0.44639699999999927,-1.8960390000000018,-1.1241179999999993,0.0005347754243653298,-0.85792
157,157,CYRE3,2015,10.516667,39.063133,20.102941,7.5,43350,23.227580333333332,-10.516667,-37.852788000000004,-20.102941,0.00031150148696313713,-22.824132
158,158,CYRE3,2019,0.0,1.210345,0.0,30.02,115645,0.40344833333333335,1.891892,19.909076,3.048529,-0.0002935943060498216,8.283165666666665
159,159,CYRE3,2020,1.891892,21.119421,3.048529,29.03,119017,8.686613999999999,0.0,0.0,0.0,0.0,0.0
160,160,DIRR3,2020,0.0,12.217907,3.529412,12.38,119017,5.249106333333334,0.0,0.0,0.0,0.0,0.0
161,161,ECOR3,2016,23.484138,28.374194,13.175,8.24,60227,21.677777333333335,24.382756,-11.610244999999999,1.9617519999999988,4.255489983540088e-05,4.911420999999997
162,162,ECOR3,2018,47.866894,16.763949,15.136752,9.3,85136,26.589198333333332,-4.012713000000005,-8.921167,-2.934187999999999,0.00023468484709430004,-5.289355999999998
163,163,ECOR3,2019,43.854181,7.842782,12.202564,16.46,115645,21.299842333333334,-6.394188999999997,3.301869,-0.6948720000000002,-0.0009697508896797157,-1.262397333333336
164,164,ECOR3,2020,37.459992,11.144651,11.507692,13.19,119017,20.037444999999998,0.0,0.0,0.0,0.0,0.0
165,165,EGIE3,2013,20.752702,42.162413,40.881267,0.0,51507,34.598794,3.9348799999999997,-3.2819569999999985,2.8399999999999963,-0.0,1.1643076666666659
166,166,EGIE3,2014,24.687582,38.880456,43.721267,0.0,50007,35.763101666666664,-8.177422,-5.060721000000001,1.1731600000000029,-0.0,-4.021660999999998
167,167,EGIE3,2015,16.51016,33.819735,44.894427,0.0,43350,31.741440666666666,4.517811000000002,-1.3769589999999994,-5.900190000000002,0.002073828287017835,-0.9197793333333308
168,168,EGIE3,2016,21.027971,32.442776,38.994237,35.0,60227,30.821661333333335,5.758846999999999,-5.612776000000004,1.9124850000000038,3.153013910355474e-05,0.6861853333333308
169,169,EGIE3,2017,26.786818,26.83,40.906722,35.51,76402,31.507846666666666,0.17714300000000094,-10.944576999999999,-15.737057000000004,-0.0002850927410121359,-8.834830333333333
170,170,EGIE3,2018,26.963961,15.885423,25.169665,33.02,85136,22.673016333333333,1.7597394999999985,-4.285682999999999,-6.760835999999998,0.0005831066242748042,-3.095593166666667
171,171,EGIE3,2019,28.7237005,11.59974,18.408829,50.81,115645,19.577423166666666,-3.3223374999999997,6.294701,1.119223999999999,-0.001770462633451957,1.3638625000000033
172,172,EGIE3,2020,25.401363,17.894441,19.528053,44.84,119017,20.94128566666667,0.0,0.0,0.0,0.0,0.0
173,173,ELET6,2013,62.801092,87.74102,80.235,9.93,51507,76.925704,1.4525720000000035,0.5318749999999994,0.34896999999999423,0.0011666666666666668,0.7778056666666799
174,174,ELET6,2014,64.253664,88.272895,80.58397,8.18,50007,77.70350966666668,-3.0404180000000025,-3.885585000000006,6.92976800000001,-0.00033949226378248457,0.0012549999999862393
175,175,ELET6,2015,61.213246,84.38731,87.513738,10.44,43350,77.70476466666666,8.206343000000004,-13.602344000000002,-8.819113000000002,0.0009154470581264443,-4.738371333333333
176,176,ELET6,2016,69.419589,70.784966,78.694625,25.89,60227,72.96639333333333,1.6839750000000038,0.12999500000000808,-1.7398210000000063,-0.00019721792890262758,0.024716333333344664
177,177,ELET6,2017,71.103564,70.914961,76.954804,22.7,76402,72.99110966666667,-3.8284480000000087,0.7254559999999941,-12.109715999999992,0.0003950080146553697,-5.070902666666683
178,178,ELET6,2018,67.275116,71.640417,64.845088,26.15,85136,67.92020699999999,9.149070000000009,7.665059999999997,13.093712999999994,0.0003916876987118556,9.969281000000024
179,179,ELET6,2019,76.424186,79.305477,77.938801,38.1,115645,77.88948800000001,5.699878999999996,1.8200575000000043,8.529382000000012,-0.00040628706998813895,5.3497728333333185
180,180,ELET6,2020,82.124065,81.1255345,86.46818300000001,36.73,119017,83.23926083333333,0.0,0.0,0.0,0.0,0.0
181,181,ENAT3,2020,12.742308,13.479204,9.391406,11.51,119017,11.870972666666665,0.0,0.0,0.0,0.0,0.0
182,182,ENBR3,2013,23.503445,41.318591,39.232267,11.35,51507,34.684767666666666,11.864562,1.1661819999999992,1.4393329999999978,0.001586666666666666,4.823358999999996
183,183,ENBR3,2014,35.368007,42.484773,40.6716,8.97,50007,39.50812666666666,-8.199804,-3.922086,1.6556290000000047,-0.0004611686946071802,-3.4887536666666676
184,184,ENBR3,2015,27.168203,38.562687,42.327229,12.04,43350,36.019372999999995,3.7658280000000026,-5.571847999999996,-6.731367000000006,8.058304200983594e-05,-2.8457956666666604
185,185,ENBR3,2016,30.934031,32.990839,35.595862,13.4,60227,33.173577333333334,5.083856000000001,-3.3244749999999996,3.847241000000004,3.7094281298299826e-05,1.8688739999999981
186,186,ENBR3,2017,36.017887,29.666364,39.443103,14.0,76402,35.04245133333333,-3.2920990000000003,-4.857019000000001,-14.065758000000002,5.724753835585151e-06,-7.404958666666669
187,187,ENBR3,2018,32.725788,24.809345,25.377345,14.05,85136,27.637492666666663,2.4190499999999986,-2.4920469999999995,-6.982516999999998,0.00025172899800059,-2.3518379999999937
188,188,ENBR3,2019,35.144838,22.317298,18.394828,21.73,115645,25.28565466666667,10.009850999999998,5.794038999999998,6.576205999999999,-0.0005634638196915783,7.460031999999995
189,189,ENBR3,2020,45.154689,28.111337,24.971034,19.83,119017,32.745686666666664,0.0,0.0,0.0,0.0,0.0
190,190,ENEV3,2019,0.233333,3.162375,2.844828,43.75,115645,2.080178666666667,1.9095239999999998,0.7668750000000002,-2.844828,0.004448398576512456,-0.056143000000000054
191,191,ENEV3,2020,2.142857,3.92925,0.0,58.75,119017,2.024035666666667,0.0,0.0,0.0,0.0,0.0
192,192,ENGI3,2019,0.0,5.3375,0.0,13.35,115645,1.7791666666666668,10.312074,1.9633749999999992,7.97931,0.001082443653618031,6.751586333333332
193,193,ENGI3,2020,10.312074,7.300875,7.97931,17.0,119017,8.530752999999999,0.0,0.0,0.0,0.0,0.0
194,194,EQTL3,2015,5.5,20.998656,19.285714,34.24,43350,15.261456666666666,3.2142859999999995,-2.825849999999999,-4.251230999999999,0.0011945250933222728,-1.2875983333333316
195,195,EQTL3,2016,8.714286,18.172806,15.034483,54.4,60227,13.973858333333334,-0.2556390000000004,-2.074321000000001,3.7241380000000017,0.0006955177743431225,0.46472599999999886
196,196,EQTL3,2017,8.458647,16.098485,18.758621,65.65,76402,14.438584333333333,-7.176595999999999,-11.876958,-17.931035,0.0006365926265170583,-12.328196333333333
197,197,EQTL3,2018,1.282051,4.221527,0.827586,71.21,85136,2.110388,0.0,-0.2123160000000004,0.0,-0.001589039299878724,-0.07077199999999984
198,198,EQTL3,2019,1.282051,4.009211,0.827586,22.73,115645,2.039616,2.007916,4.084312,4.896552,9.193357058125704e-05,3.662926666666666
199,199,EQTL3,2020,3.289967,8.093523,5.724138,23.04,119017,5.702542666666666,0.0,0.0,0.0,0.0,0.0
200,200,EVEN3,2020,0.0,5.662432,3.529412,12.04,119017,3.063948,0.0,0.0,0.0,0.0,0.0
201,201,EZTC3,2019,0.0,3.072414,0.0,50.97,115645,1.024138,0.945946,-1.1413800000000003,0.0,-0.0024228944246737845,-0.06514466666666674
202,202,EZTC3,2020,0.945946,1.931034,0.0,42.8,119017,0.9589933333333333,0.0,0.0,0.0,0.0,0.0
203,203,FESA4,2020,0.509091,7.679567,3.790909,19.51,119017,3.9931889999999997,0.0,0.0,0.0,0.0,0.0
204,204,FLRY3,2017,64.0044,45.799787,19.929442,29.61,76402,43.244543,-9.591250000000002,-17.638904000000004,-4.100206000000002,-0.0011552553240210671,-10.443453333333338
205,205,FLRY3,2018,54.41315,28.160883,15.829236,19.52,85136,32.80108966666666,-25.634926,-10.652017999999998,-6.131562000000001,0.0003566160805008358,-14.139501999999997
206,206,FLRY3,2019,28.778224,17.508865,9.697674,30.4,115645,18.661587666666666,53.42995799999999,38.283364,49.973238,-0.0009697508896797152,47.22885333333333
207,207,FLRY3,2020,82.208182,55.792229,59.670912,27.13,119017,65.890441,0.0,0.0,0.0,0.0,0.0
208,208,GFSA3,2020,1.783784,16.85994,1.235294,4.41,119017,6.626339333333334,0.0,0.0,0.0,0.0,0.0
209,209,GGBR4,2013,12.912895,44.858558,30.446649,18.34,51507,29.406034000000002,0.9744579999999985,0.7184979999999968,0.6343509999999988,0.00584,0.7757689999999968
210,210,GGBR4,2014,13.887353,45.577056,31.081,9.58,50007,30.181803,-2.3858819999999987,-9.040517999999999,-0.6684999999999981,0.0007405738320564819,-4.031633333333328
211,211,GGBR4,2015,11.501471,36.536538,30.4125,4.65,43350,26.15016966666667,-0.8014710000000012,-3.725589999999997,-7.403851000000003,0.0003644012561474196,-3.97697066666667
212,212,GGBR4,2016,10.7,32.810948,23.008649,10.8,60227,22.173199,-2.615152,-4.940360000000002,1.2701390000000004,9.768160741885626e-05,-2.0951243333333345
213,213,GGBR4,2017,8.084848,27.870588,24.278788,12.38,76402,20.078074666666666,-6.099566999999999,-7.801438000000001,-15.096407,0.00027593313487520016,-9.665804
214,214,GGBR4,2018,1.985281,20.06915,9.182381,14.79,85136,10.412270666666666,-0.600433,0.47950099999999907,-0.8069259999999989,0.00016683601560195353,-0.30928600000000017
215,215,GGBR4,2019,1.384848,20.548651,8.375455,19.88,115645,10.102984666666666,-0.4621210000000001,0.8349499999999992,0.015454000000000079,0.0012900355871886125,0.1294276666666665
216,216,GGBR4,2020,0.922727,21.383601,8.390909,24.23,119017,10.232412333333333,0.0,0.0,0.0,0.0,0.0
217,217,GNDI3,2019,4.62,7.881141,6.657488,69.14,115645,6.386209666666667,6.367665,10.469878000000001,21.786036,0.002627520759193357,12.874526333333332
218,218,GNDI3,2020,10.987665,18.351019,28.443524,78.0,119017,19.260735999999998,0.0,0.0,0.0,0.0,0.0
219,219,GOAU4,2018,0.6,14.746192,3.365368,6.84,85136,6.237186666666666,-0.6,-6.988037,-1.2987010000000003,7.407650201579861e-05,-2.962245999999999
220,220,GOAU4,2019,0.0,7.758155,2.066667,9.1,115645,3.274940666666667,0.0,-7.264037,-0.6121219999999998,0.0005901542111506525,-2.625386333333334
221,221,GOAU4,2020,0.0,0.494118,1.454545,11.09,119017,0.6495543333333333,0.0,0.0,0.0,0.0,0.0
222,222,GRND3,2019,14.619321,11.553415,4.609211,12.35,115645,10.260649,4.443944000000002,2.2388410000000007,4.779978,-0.0011832740213523131,3.8209210000000002
223,223,GRND3,2020,19.063265,13.792256,9.389189,8.36,119017,14.081570000000001,0.0,0.0,0.0,0.0,0.0
224,224,GUAR3,2019,0.0,1.690244,0.0,23.74,115645,0.5634146666666667,0.0,-0.13658500000000018,0.0,-0.002669039145907473,-0.04552833333333339
225,225,GUAR3,2020,0.0,1.553659,0.0,14.74,119017,0.5178863333333333,0.0,0.0,0.0,0.0,0.0
226,226,IGTA3,2014,5.897436,35.284,13.888889,24.6,50007,18.356775,-5.897436,-29.356499999999997,-13.888889,0.00043663731375118066,-16.380941666666665
227,227,IGTA3,2019,0.0,5.9275,0.0,53.26,115645,1.9758333333333333,0.0,4.126184,0.823529,-0.00465005931198102,1.6499043333333339
228,228,IGTA3,2020,0.0,10.053684,0.823529,37.58,119017,3.625737666666667,0.0,0.0,0.0,0.0,0.0
229,229,IRBR3,2017,6.956522,23.333556,6.875,34.0,76402,12.388359333333334,-6.956522,-15.162934000000002,-6.875,0.005346920082436456,-9.664818666666667
230,230,IRBR3,2018,0.0,8.170622,0.0,80.7,85136,2.7235406666666666,0.0,-0.5590570000000001,0.0,-0.0013497656429250385,-0.18635233333333323
231,231,IRBR3,2019,0.0,7.611565,0.0,39.52,115645,2.5371883333333334,0.0,-3.847981,3.878788,-0.009314946619217083,0.010269000000000084
232,232,IRBR3,2020,0.0,3.763584,3.878788,8.11,119017,2.5474573333333335,0.0,0.0,0.0,0.0,0.0
233,233,ITSA4,2013,78.668486,90.487741,81.895379,8.9,51507,83.68386866666667,1.6198679999999968,-3.1085759999999993,-2.5301820000000106,-0.0003266666666666668,-1.3396299999999997
234,234,ITSA4,2014,80.288354,87.379165,79.365197,9.39,50007,82.34423866666667,4.308700999999999,-5.658792000000005,11.123314000000008,0.00037704671774072414,3.25774100000001
235,235,ITSA4,2015,84.597055,81.720373,90.488511,6.88,43350,85.60197966666668,5.048065000000008,2.4432840000000056,-2.151983999999999,8.295313148071336e-05,1.7797883333333289
236,236,ITSA4,2016,89.64512,84.163657,88.336527,8.28,60227,87.38176800000001,6.422188999999989,-4.607827999999998,4.814098000000001,0.00015703245749613606,2.2094863333333166
237,237,ITSA4,2017,96.067309,79.555829,93.150625,10.82,76402,89.59125433333332,-5.139578,-2.487746999999999,-4.640223000000006,8.930615983512701e-05,-4.089182666666659
238,238,ITSA4,2018,90.927731,77.068082,88.510402,11.6,85136,85.50207166666667,1.6443840000000023,-3.9980910000000023,8.149213000000003,8.29263496017569e-05,1.9318353333333533
239,239,ITSA4,2019,92.572115,73.069991,96.659615,14.13,115645,87.43390700000002,4.468919499999998,-2.193641999999997,-14.417336000000006,-0.0006909845788849347,-4.047352833333349
240,240,ITSA4,2020,97.0410345,70.876349,82.242279,11.8,119017,83.38655416666667,0.0,0.0,0.0,0.0,0.0
241,241,ITUB4,2013,79.399141,88.931425,78.255093,31.35,51507,82.19521966666667,-1.5890480000000053,-1.809083000000001,5.005381999999997,-0.0021666666666666666,0.5357503333333256
242,242,ITUB4,2014,77.810093,87.122342,83.260475,34.6,50007,82.73097,6.804353000000006,-5.529505999999998,6.978036000000003,0.0012423013369385614,2.750961000000018
243,243,ITUB4,2015,84.614446,81.592836,90.238511,26.33,43350,85.48193100000002,3.4237169999999963,2.2017449999999883,-1.9019839999999988,0.000445576820524975,1.2411593333333144
244,244,ITUB4,2016,88.038163,83.794581,88.336527,33.85,60227,86.72309033333333,5.5502890000000065,0.3517230000000069,1.8192729999999955,0.0005397217928902625,2.5737616666666696
245,245,ITUB4,2017,93.588452,84.146304,90.1558,42.58,76402,89.296852,-2.6607210000000094,-5.064817000000005,-11.299305000000004,-0.0010132814288985575,-6.3416143333333395
246,246,ITUB4,2018,90.927731,79.081487,78.856495,33.73,85136,82.95523766666666,1.6443840000000023,-3.184913999999992,4.855363000000011,0.00011701465141433677,1.1049443333333357
247,247,ITUB4,2019,92.572115,75.896573,83.711858,37.3,115645,84.060182,4.4227656666666775,-1.4690476666666683,-1.4695790000000102,-0.0015213523131672585,0.4947130000000044
248,248,ITUB4,2020,96.99488066666667,74.42752533333334,82.242279,32.17,119017,84.554895,0.0,0.0,0.0,0.0,0.0
249,249,JPSA3,2020,0.0,3.325,0.0,25.76,119017,1.1083333333333334,0.0,0.0,0.0,0.0,0.0
250,250,KLBN4,2013,38.55448,40.162526,43.248194,12.26,51507,40.65506666666666,5.981143000000003,5.625674000000004,-3.491526999999998,0.006253333333333333,2.7050966666666696
251,251,KLBN4,2014,44.535623,45.7882,39.756667,2.88,50007,43.36016333333333,35.007431999999994,28.235353000000003,30.918622000000006,-0.00013970256872465077,31.387135666666666
252,252,KLBN4,2015,79.543055,74.023553,70.675289,3.81,43350,74.747299,3.2319220000000115,-3.6281920000000127,10.487150999999997,-5.688214730106061e-05,3.363627000000008
253,253,KLBN4,2016,82.774977,70.395361,81.16244,2.85,60227,78.110926,-4.229522000000003,0.48773200000000827,-5.6916220000000095,1.7928902627511595e-05,-3.1444706666666775
254,254,KLBN4,2017,78.545455,70.883093,75.470818,3.14,76402,74.96645533333333,-10.747230000000002,-14.748915000000004,-14.789369999999991,-3.0913670712159376e-05,-13.428504999999994
255,255,KLBN4,2018,67.798225,56.134178,60.681448,2.87,85136,61.537950333333335,-30.079548000000003,-31.360242,-40.274675,2.228850503130223e-05,-33.90482166666667
256,256,KLBN4,2019,37.718677,24.773936,20.406773,3.55,115645,27.633128666666664,51.642481000000004,32.843695000000004,46.946282,0.0004478054567022538,43.81081933333333
257,257,KLBN4,2020,89.361158,57.617631,67.353055,5.06,119017,71.44394799999999,0.0,0.0,0.0,0.0,0.0
258,258,LAME4,2013,8.333333,22.997,18.0,15.73,51507,16.443444333333332,-1.0416659999999993,0.5,1.3103450000000016,-0.0010066666666666653,0.2562263333333341
259,259,LAME4,2014,7.291667,23.497,19.310345,17.24,50007,16.699670666666666,4.375,1.6724999999999994,-0.6206900000000033,-0.0003244704821991888,1.8089366666666677
260,260,LAME4,2015,11.666667,25.1695,18.689655,19.4,43350,18.508607333333334,-0.7575760000000002,-1.5494090000000007,-5.586206999999998,-0.00014220536825265145,-2.6310640000000003
261,261,LAME4,2016,10.909091,23.620091,13.103448,17.0,60227,15.877543333333334,9.75,-0.2823129999999985,12.622623,3.091190108191698e-06,7.36343666666667
262,262,LAME4,2017,20.659091,23.337778,25.726071,17.05,76402,23.240980000000004,13.490908999999998,-21.145782,-11.817046000000001,0.0002301351041905196,-6.49063966666667
263,263,LAME4,2018,34.15,2.191996,13.909025,19.06,85136,16.750340333333334,5.211812999999999,14.471763,13.407421,0.0002304238093677276,11.03033233333333
264,264,LAME4,2019,39.361813,16.663759,27.316446,26.09,115645,27.780672666666664,18.673083000000005,28.767527,18.171768,-8.896797153025248e-06,21.87079266666667
265,265,LAME4,2020,58.034896,45.431286,45.488214,26.06,119017,49.651465333333334,0.0,0.0,0.0,0.0,0.0
266,266,LCAM3,2020,1.884985,22.11485,14.228846,28.02,119017,12.742893666666667,0.0,0.0,0.0,0.0,0.0
267,267,LEVE3,2020,3.0,8.256875,3.188885,20.37,119017,4.815253333333334,0.0,0.0,0.0,0.0,0.0
268,268,LIGT3,2019,7.64015,11.424472,4.413793,23.9,115645,7.826138333333333,10.622670999999999,-0.21405299999999983,-2.096552,0.00015124555160142395,2.7706886666666666
269,269,LIGT3,2020,18.262821,11.210419,2.317241,24.41,119017,10.596827,0.0,0.0,0.0,0.0,0.0
270,270,LOGG3,2020,0.0,10.046533,0.0,33.63,119017,3.3488443333333335,0.0,0.0,0.0,0.0,0.0
271,271,LOGN3,2020,0.0,6.329205,0.358974,16.18,119017,2.229393,0.0,0.0,0.0,0.0,0.0
272,272,LPSB3,2020,0.0,6.27512,2.470588,4.86,119017,2.915236,0.0,0.0,0.0,0.0,0.0
273,273,LREN3,2013,20.416743,49.665917,54.592552,61.0,51507,41.558404,12.523180999999997,-4.049892,-3.4597929999999977,-0.010313333333333332,1.6711653333333274
274,274,LREN3,2014,32.939924,45.616025,51.132759,76.47,50007,43.22956933333333,9.628826000000004,8.223999999999997,8.568620000000003,0.008918431726002703,8.80714866666667
275,275,LREN3,2015,42.56875,53.840025,59.701379,17.1,43350,52.036718,-1.0767390000000034,7.303087000000005,-11.916500000000006,0.00035966107720566455,-1.896717333333342
276,276,LREN3,2016,41.492011,61.143112,47.784879,23.17,60227,50.14000066666666,4.211853000000005,0.17593199999999598,8.675621000000007,0.0007616692426584235,4.354468666666676
277,277,LREN3,2017,45.703864,61.319044,56.4605,35.49,76402,54.494469333333335,3.8574999999999946,-11.947244999999995,3.6040840000000003,0.0005621708266544535,-1.4952203333333358
278,278,LREN3,2018,49.561364,49.371799,60.064584,40.4,85136,52.999249,26.378732999999997,7.937559999999998,-2.962949000000002,0.0005146022485168312,10.451114666666669
279,279,LREN3,2019,75.940097,57.309359,57.101635,56.1,115645,63.45036366666667,0.43217600000001255,4.3295419999999964,5.430293999999996,-0.0035972716488730733,3.3973373333333328
280,280,LREN3,2020,76.372273,61.638901,62.531929,43.97,119017,66.847701,0.0,0.0,0.0,0.0,0.0
281,281,LWSA3,2020,0.0,1.465385,0.0,78.77,119017,0.4884616666666666,0.0,0.0,0.0,0.0,0.0
282,282,MDIA3,2015,18.727586,31.769976,38.5025,66.5,43350,29.666687333333332,3.6842000000000006,7.793880999999999,-2.338000000000001,0.0028743260058067197,3.046693666666666
283,283,MDIA3,2016,22.411786,39.563857,36.1645,115.01,60227,32.713381,10.221190999999997,-3.8348569999999995,4.783100000000005,-0.003889335394126739,3.7231446666666628
284,284,MDIA3,2017,32.632977,35.729,40.9476,52.1,76402,36.43652566666666,-1.9868589999999955,-12.923383999999999,-16.704171000000002,-0.0010602244103503546,-10.538137999999993
285,285,MDIA3,2018,30.646118,22.805616,24.243429,42.84,85136,25.898387666666668,3.9038109999999975,-3.7378649999999993,2.0040499999999994,-0.00017339145825821909,0.7233319999999992
286,286,MDIA3,2019,34.549929,19.067751,26.247479,37.55,115645,26.621719666666667,-12.065642999999998,0.22539099999999834,-1.7649789999999967,-0.0011032028469750885,-4.535077000000001
287,287,MDIA3,2020,22.484286,19.293142,24.4825,33.83,119017,22.086642666666666,0.0,0.0,0.0,0.0,0.0
288,288,MDNE3,2020,5.014737,5.110714,0.0,11.44,119017,3.3751503333333335,0.0,0.0,0.0,0.0,0.0
289,289,MEAL3,2014,0.0,39.241667,15.234444,0.0,50007,18.158703666666668,0.0,-31.455477,-12.183748,6.115055789016085e-05,-14.546408333333334
290,290,MEAL3,2020,0.0,7.78619,3.050696,4.22,119017,3.6122953333333334,0.0,0.0,0.0,0.0,0.0
291,291,MGLU3,2017,24.050748,23.950682,27.560714,80.22,76402,25.187381333333335,-16.550748,-12.631481,-9.391326,0.011053354705747653,-12.857851666666667
292,292,MGLU3,2018,7.5,11.319201,18.169388,176.76,85136,12.329529666666668,0.0,0.6158640000000002,-1.4979590000000016,-0.004196466616408273,-0.2940316666666689
293,293,MGLU3,2019,7.5,11.935065,16.671429,48.73,115645,12.035497999999999,-7.5,-0.9207999999999998,-12.966072,-0.0069632265717674965,-7.128957333333332
294,294,MGLU3,2020,0.0,11.014265,3.705357,25.25,119017,4.906540666666666,0.0,0.0,0.0,0.0,0.0
295,295,MILS3,2013,11.0,30.283421,26.178378,33.0,51507,22.487266333333334,-9.421053,-15.287142000000001,-20.145483,-0.00039712635165160717,-14.951226000000002
296,296,MILS3,2020,1.578947,14.996279,6.032895,6.19,119017,7.536040333333333,0.0,0.0,0.0,0.0,0.0
297,297,MRVE3,2014,23.826351,47.376655,24.742353,7.5,50007,31.981786333333332,27.449189999999998,6.988250999999998,11.720210999999999,0.00028566016290964197,15.385883999999997
298,298,MRVE3,2017,51.275541,54.364906,36.462564,15.04,76402,47.36767033333333,-2.205728999999998,-6.253917999999999,-11.249452999999999,-0.0003835585069841996,-6.569699999999997
299,299,MRVE3,2018,49.069812,48.110988,25.213111,11.69,85136,40.79797033333333,-4.16245,-15.289780999999998,-9.236229000000002,0.0003359664361336,-9.562819999999999
300,300,MRVE3,2019,44.907362,32.821207,15.976882,21.94,115645,31.235150333333333,-7.911944999999996,-5.526747,5.355732,-0.0008244365361803087,-2.694320000000001
301,301,MRVE3,2020,36.995417,27.29446,21.332614,19.16,119017,28.540830333333332,0.0,0.0,0.0,0.0,0.0
302,302,MTRE3,2020,0.0,0.6,0.0,15.9,119017,0.19999999999999998,0.0,0.0,0.0,0.0,0.0
303,303,MULT3,2015,21.387692,39.1496,27.929361,38.0,43350,29.488884333333335,1.9663559999999976,-0.8748000000000005,-6.980471999999999,0.0012668128221840376,-1.9629720000000006
304,304,MULT3,2016,23.354048,38.2748,20.948889,59.38,60227,27.525912333333334,-2.8389419999999994,-10.228907,0.6696399999999976,0.0007122102009273572,-4.132736333333337
305,305,MULT3,2017,20.515106,28.045893,21.618529,70.9,76402,23.393175999999997,-3.469449000000001,-17.849311999999998,-11.102773,-0.0054980535836959025,-10.807177999999999
306,306,MULT3,2018,17.045657,10.196581,10.515756,22.88,85136,12.585997999999998,-0.3906899999999993,0.32734800000000064,-3.0881089999999993,0.0003330164869382805,-1.0504836666666648
307,307,MULT3,2019,16.654967,10.523929,7.427647,33.04,115645,11.535514333333333,6.869713000000001,5.322076999999998,2.225294,-0.0026037959667852897,4.805694666666666
308,308,MULT3,2020,23.52468,15.846006,9.652941,24.26,119017,16.341209,0.0,0.0,0.0,0.0,0.0
309,309,MYPK3,2020,0.517857,11.478182,0.0,14.6,119017,3.9986796666666664,0.0,0.0,0.0,0.0,0.0
310,310,NEOE3,2019,76.896398,57.418098,65.14761,24.79,115645,66.48736866666667,6.982559999999992,-4.597064000000003,8.573096000000007,-0.0021797153024911025,3.652864000000008
311,311,NEOE3,2020,83.878958,52.821034,73.720706,17.44,119017,70.14023266666668,0.0,0.0,0.0,0.0,0.0
312,312,PARD3,2020,0.0,1.643411,0.0,22.43,119017,0.5478036666666667,0.0,0.0,0.0,0.0,0.0
313,313,PETR4,2013,77.619643,77.219416,77.250948,17.08,51507,77.36333566666666,-12.751335999999995,-9.962943999999993,-4.613007999999994,0.004706666666666665,-9.109095999999994
314,314,PETR4,2014,64.868307,67.256472,72.63794,10.02,50007,68.25423966666666,-16.543771,-24.232166,-7.763514999999998,0.0004987231485654198,-16.179817333333325
315,315,PETR4,2015,48.324536,43.024306,64.874425,6.7,43350,52.07442233333334,16.563523999999994,0.44731799999999566,0.638811000000004,0.0004840907744267345,5.88321766666666
316,316,PETR4,2016,64.88806,43.471624,65.513236,14.87,60227,57.95764,9.489401999999998,-0.8510920000000013,-1.602049000000008,7.604327666151481e-05,2.3454203333333297
317,317,PETR4,2017,74.377462,42.620532,63.911187,16.1,76402,60.30306033333333,-9.321367999999993,-2.8148789999999977,-1.5513169999999974,0.0006388825280512936,-4.562521333333322
318,318,PETR4,2018,65.056094,39.805653,62.35987,21.68,85136,55.740539000000005,12.266794000000004,23.074061,3.124206000000001,0.0002897505654069291,12.821687000000004
319,319,PETR4,2019,77.322888,62.879714,65.484076,30.52,115645,68.56222600000001,4.178911999999997,-6.663077000000001,5.676732999999999,-0.000693950177935943,1.0641893333333172
320,320,PETR4,2020,81.5018,56.216637,71.160809,28.18,119017,69.62641533333333,0.0,0.0,0.0,0.0,0.0
321,321,PFRM3,2020,0.0,7.868802,0.0,5.78,119017,2.622934,0.0,0.0,0.0,0.0,0.0
322,322,PNVL3,2020,0.0,0.430769,0.0,21.36,119017,0.14358966666666667,0.0,0.0,0.0,0.0,0.0
323,323,POMO4,2020,5.696429,9.524545,6.167857,2.87,119017,7.129610333333333,0.0,0.0,0.0,0.0,0.0
324,324,PRIO3,2019,0.507692,13.688964,0.0,33.9,115645,4.732218666666667,-0.253846,1.1497329999999994,0.0,0.009679715302491105,0.29862899999999915
325,325,PRIO3,2020,0.253846,14.838697,0.0,66.54,119017,5.030847666666666,0.0,0.0,0.0,0.0,0.0
326,326,PSSA3,2015,29.169231,35.392921,24.56,28.79,43350,29.707384,-21.476923,-8.920489,-15.559999999999999,-0.00011198672749896312,-15.319137333333334
327,327,PSSA3,2016,7.692308,26.472432,9.0,26.9,60227,14.388246666666667,-0.735786,-5.325876000000001,3.5322499999999994,0.0005829984544049459,-0.843137333333333
328,328,PSSA3,2017,6.956522,21.146556,12.53225,36.33,76402,13.545109333333334,7.743478,-12.056303,4.664402000000001,0.001613235630867873,0.11719233333333179
329,329,PSSA3,2018,14.7,9.090253,17.196652,50.42,85136,13.662301666666666,6.541136999999999,2.7641409999999986,4.038499999999999,0.0004057819004228259,4.447925999999997
330,330,PSSA3,2019,21.241137,11.854394,21.235152,62.8,115645,18.110227666666663,0.23117100000000335,6.9258120000000005,-2.064304,-0.0039412811387900355,1.6975596666666704
331,331,PSSA3,2020,21.472308,18.780206,19.170848,49.51,119017,19.807787333333334,0.0,0.0,0.0,0.0,0.0
332,332,QUAL3,2013,8.571429,37.948947,12.125,22.5,51507,19.548458666666665,0.0,-0.4659649999999971,1.78125,-0.0035333333333333336,0.4384283333333343
333,333,QUAL3,2014,8.571429,37.482982,13.90625,27.8,50007,19.986887,2.8571419999999996,1.4791230000000013,0.30208299999999966,0.002053477542436533,1.5461159999999978
334,334,QUAL3,2015,11.428571,38.962105,14.208333,14.13,43350,21.533002999999997,0.8791209999999996,-1.2776860000000028,-4.8706510000000005,0.00030337145227232325,-1.7564053333333334
335,335,QUAL3,2016,12.307692,37.684419,9.337682,19.25,60227,19.776597666666664,-0.3076919999999994,-4.094631999999997,2.953202000000001,0.0007264296754250386,-0.483040666666664
336,336,QUAL3,2017,12.0,33.589787,12.290884,31.0,76402,19.293557,-12.0,-21.777337000000003,-6.2470040000000004,-0.002096404854591253,-13.341446999999999
337,337,QUAL3,2018,0.0,11.81245,6.04388,12.69,85136,5.95211,0.0,-5.759259,-2.1493679999999995,0.0008187747877675441,-2.636209
338,338,QUAL3,2019,0.0,6.053191,3.894512,37.67,115645,3.315901,0.0,5.81964,0.1054879999999998,-0.0007295373665480429,1.975042666666666
339,339,QUAL3,2020,0.0,11.872831,4.0,35.21,119017,5.290943666666666,0.0,0.0,0.0,0.0,0.0
340,340,RADL3,2015,11.111111,41.476396,16.997419,35.48,43350,23.194975333333332,0.653595000000001,-3.2081909999999993,-1.7258190000000013,0.0015233750074065296,-1.4268050000000017
341,341,RADL3,2016,11.764706,38.268205,15.2716,61.19,60227,21.76817033333333,0.0,-4.873761000000002,0.5284000000000013,0.0018924265842349304,-1.4484536666666656
342,342,RADL3,2017,11.764706,33.394444,15.8,91.8,76402,20.319716666666665,-9.311765000000001,-20.028797,-3.6570290000000014,-0.0038928326081978477,-10.999196999999999
343,343,RADL3,2018,2.452941,13.365647,12.142971,57.8,85136,9.320519666666666,1.411765,-1.1474509999999984,-1.2196869999999986,0.0017083483562227541,-0.3184576666666654
344,344,RADL3,2019,3.864706,12.218196,10.923284,109.92,115645,9.002062,7.648897,-2.2185130000000015,8.238157,-0.025121589561091343,4.556180333333334
345,345,RADL3,2020,11.513603,9.999683,19.161441,25.21,119017,13.558242333333334,0.0,0.0,0.0,0.0,0.0
346,346,RAIL3,2013,31.03,37.944828,26.453488,0.0,51507,31.809438666666665,-1.675179,2.9095099999999974,3.165572000000001,-0.0,1.4666343333333387
347,347,RAIL3,2014,29.354821,40.854338,29.61906,0.0,50007,33.276073000000004,-13.958525000000002,-6.491250000000001,1.6903760000000005,0.0004913809433604849,-6.253133000000002
348,348,RAIL3,2017,15.396296,34.363088,31.309436,12.97,76402,27.022940000000002,-4.600529,-15.681637999999996,-16.919268000000002,0.00037096404854591256,-12.400478333333336
349,349,RAIL3,2018,10.795767,18.68145,14.390168,16.21,85136,14.622461666666666,15.53381,-2.818512000000002,0.8152600000000003,0.0003494050935789439,4.510186000000001
350,350,RAIL3,2019,26.329577,15.862938,15.205428,26.87,115645,19.132647666666667,21.659526,13.018593,22.561649000000003,-0.002141162514827996,19.079922666666665
351,351,RAIL3,2020,47.989103,28.881531,37.767077,19.65,119017,38.21257033333333,0.0,0.0,0.0,0.0,0.0
352,352,RAPT4,2020,16.73746,9.338904,17.144199,15.88,119017,14.406854333333333,0.0,0.0,0.0,0.0,0.0
353,353,RDOR3,2020,21.872878,20.476553,26.678571,68.0,119017,23.009334,0.0,0.0,0.0,0.0,0.0
354,354,SAPR4,2013,6.25,23.548387,16.666667,6.78,51507,15.488351333333334,16.219697,0.27548399999999873,11.777332999999999,0.00019763004619401483,9.42417133333333
355,355,SAPR4,2017,22.469697,23.823871,28.444,11.7,76402,24.912522666666664,-12.646788,-15.882794,-17.741713999999998,-0.00015227845202656288,-15.42376533333333
356,356,SAPR4,2018,9.822909,7.941077,10.702286,10.37,85136,9.488757333333334,-2.197240999999999,3.219849,-0.976324,0.00034579960011799803,0.015427999999999997
357,357,SAPR4,2019,7.625668,11.160926,9.725962,20.92,115645,9.504185333333334,-4.7006429999999995,0.8667660000000001,0.11346099999999915,-0.004605575326215896,-1.2401386666666667
358,358,SAPR4,2020,2.925025,12.027692,9.839423,5.39,119017,8.264046666666667,0.0,0.0,0.0,0.0,0.0
359,359,SBSP3,2013,16.739583,44.564116,35.888267,26.46,51507,32.397321999999996,6.727174999999999,0.3809740000000019,6.183073,0.006299999999999999,4.430407333333335
360,360,SBSP3,2014,23.466758,44.94509,42.07134,17.01,50007,36.82772933333333,-5.703112999999998,-1.3202420000000004,-4.515709000000001,-0.00028841820639927867,-3.84635466666667
361,361,SBSP3,2015,17.763645,43.624848,37.555631,18.93,43350,32.98137466666666,5.370894,-7.064312000000001,-4.254559999999998,0.00058422705457131,-1.9826593333333236
362,362,SBSP3,2016,23.134539,36.560536,33.301071,28.79,60227,30.998715333333337,1.5818109999999983,-4.360016000000002,1.2080199999999977,0.0003425038639876352,-0.5233950000000043
363,363,SBSP3,2017,24.71635,32.20052,34.509091,34.33,76402,30.475320333333332,-17.569101999999997,-11.285057999999996,-17.212936999999997,-0.0004121822761621248,-15.355698999999998
364,364,SBSP3,2018,7.147248,20.915462,17.296154,30.73,85136,15.119621333333335,0.4358360000000001,2.6066399999999987,0.3168079999999982,0.001019371333049264,1.119761333333333
365,365,SBSP3,2019,7.583084,23.522102,17.612962,61.83,115645,16.239382666666668,-1.257937,-2.878108000000001,2.3051309999999994,-0.0047805456702253845,-0.6103046666666678
366,366,SBSP3,2020,6.325147,20.643994,19.918093,45.71,119017,15.629078,0.0,0.0,0.0,0.0,0.0
367,367,SEER3,2014,10.588235,42.45625,18.342857,29.59,50007,23.795780666666662,0.5008860000000013,-24.352631,-7.897023999999998,-0.00020417330821620054,-10.582922999999996
368,368,SEER3,2020,11.089121,18.103619,10.445833,15.5,119017,13.212857666666666,0.0,0.0,0.0,0.0,0.0
369,369,SLCE3,2013,6.848276,31.407647,21.187097,20.4,51507,19.81434,10.03869,-6.752884999999999,12.305129,0.000251857802771641,5.196978000000001
370,370,SLCE3,2017,16.886966,24.654762,33.492226,26.67,76402,25.011318000000003,-5.953399000000001,-15.409569000000001,-12.551245000000002,0.0020288527593313485,-11.304737666666668
371,371,SLCE3,2018,10.933567,9.245193,20.940981,44.39,85136,13.706580333333335,1.952147,-4.651443,-4.032042000000001,-0.000490835571559281,-2.243779333333336
372,372,SLCE3,2020,12.885714,4.59375,16.908939,27.76,119017,11.462800999999999,0.0,0.0,0.0,0.0,0.0
373,373,SMTO3,2013,22.063103,31.356471,38.772,28.7,51507,30.730524666666668,-4.108620000000002,-0.5629419999999996,-7.827753999999999,-0.005033333333333334,-4.166438666666664
374,374,SMTO3,2014,17.954483,30.793529,30.944246,36.25,50007,26.564086000000003,-6.072723,2.108356999999998,-5.614246000000001,-0.0014330779630464172,-3.192870666666675
375,375,SMTO3,2015,11.88176,32.901886,25.33,45.79,43350,23.37121533333333,0.6818109999999997,0.4403770000000051,-3.1839999999999975,-0.0015577413047342537,-0.687270666666663
376,376,SMTO3,2016,12.563571,33.342263,22.146,19.5,60227,22.683944666666665,-2.8671419999999994,-10.519631000000004,-3.5459999999999994,-1.2364760432766571e-05,-5.644257666666665
377,377,SMTO3,2017,9.696429,22.822632,18.6,19.3,76402,17.039687,11.445918,-16.008513999999998,-5.838437000000001,-0.00016716281199908412,-3.4670109999999994
378,378,SMTO3,2018,21.142347,6.814118,12.761563,17.84,85136,13.572676000000001,-0.00359200000000115,1.7101824999999993,7.941598000000001,0.00021042970926611826,3.216062833333332
379,379,SMTO3,2019,21.138755,8.524300499999999,20.703161,24.26,115645,16.788738833333333,-2.890414,-1.771244499999999,2.937117999999998,0.0007769869513641748,-0.5748468333333321
380,380,SMTO3,2020,18.248341,6.753056,23.640279,26.88,119017,16.213892,0.0,0.0,0.0,0.0,0.0
381,381,SOMA3,2020,0.0,1.900244,0.0,13.55,119017,0.6334146666666667,0.0,0.0,0.0,0.0,0.0
382,382,STBP3,2013,18.508374,35.573333,38.588093,0.0,51507,30.88993333333333,-3.0159780000000005,3.212735000000002,-4.919756,-0.0,-1.5743329999999993
383,383,STBP3,2014,15.492396,38.786068,33.668337,0.0,50007,29.315600333333332,-4.481468,1.8144119999999972,-0.8700580000000002,-0.0,-1.179038000000002
384,384,STBP3,2015,11.010928,40.60048,32.798279,0.0,43350,28.13656233333333,20.733632,-26.009448,-19.397028,0.00011273255411854208,-8.22428133333333
385,385,STBP3,2019,31.74456,14.591032,13.401251,8.15,115645,19.912281,5.977131,1.9682349999999982,7.8143280000000015,-0.0008689205219454332,5.253231333333336
386,386,STBP3,2020,37.721691,16.559267,21.215579,5.22,119017,25.165512333333336,0.0,0.0,0.0,0.0,0.0
387,387,SULA11,2015,45.298077,51.470862,28.170538,18.61,43350,41.64649233333333,6.373114000000001,0.6234890000000064,-5.313392,-3.614386443088223e-05,0.5610703333333404
388,388,SULA11,2016,51.671191,52.094351,22.857146,18.0,60227,42.20756266666667,-14.688582000000004,-10.945129000000001,-3.8040969999999987,4.080370942812984e-05,-9.812602666666663
389,389,SULA11,2017,36.982609,41.149222,19.053049,18.66,76402,32.394960000000005,6.027877000000004,5.047142000000001,26.621029999999998,0.001067094114953057,12.565349666666663
390,390,SULA11,2018,43.010486,46.196364,45.674079,27.98,85136,44.96030966666667,15.923968000000002,4.762802999999998,9.110812000000003,0.001017732472385198,9.932527666666672
391,391,SULA11,2019,58.934454,50.959167,54.784891,59.03,115645,54.89283733333334,-0.5344540000000038,11.860585999999998,10.497912,-0.00458185053380783,7.2746813333333264
392,392,SULA11,2020,58.4,62.819753,65.282803,43.58,119017,62.167518666666666,0.0,0.0,0.0,0.0,0.0
393,393,SYNE3,2020,0.626316,3.59,1.764706,0.0,119017,1.9936740000000002,0.0,0.0,0.0,0.0,0.0
394,394,TAEE11,2015,5.483333,36.535238,22.5,16.75,43350,21.506190333333336,6.6845479999999995,-17.497173,-0.9689660000000018,0.00023641642472003308,-3.927197000000003
395,395,TAEE11,2016,12.167881,19.038065,21.531034,20.74,60227,17.578993333333333,-0.2380949999999995,-2.575944,3.315518000000001,3.7094281298299935e-05,0.1671596666666666
396,396,TAEE11,2017,11.929786,16.462121,24.846552,21.34,76402,17.746153,-5.676215,-7.343572,-15.449015,0.00022212044882070087,-9.489600666666666
397,397,TAEE11,2018,6.253571,9.118549,9.397537,23.28,85136,8.256552333333333,-0.3513780000000004,-0.8936279999999996,-0.6497659999999996,0.00025041790946933693,-0.6315906666666669
398,398,TAEE11,2019,5.902193,8.224921,8.747771,30.92,115645,7.624961666666667,4.745580000000001,-0.9261480000000004,2.486433999999999,0.0008185053380782912,2.1019553333333336
399,399,TAEE11,2020,10.647773,7.298773,11.234205,33.68,119017,9.726917,0.0,0.0,0.0,0.0,0.0
400,400,TEND3,2020,0.0,0.711111,0.0,28.9,119017,0.23703700000000003,0.0,0.0,0.0,0.0,0.0
401,401,TGMA3,2020,11.029693,14.59625,6.560606,26.5,119017,10.728849666666667,0.0,0.0,0.0,0.0,0.0
402,402,TOTS3,2013,9.52381,35.12419,11.830357,36.96,51507,18.826119,0.0,2.8984920000000045,-0.39357099999999967,0.0013066666666666671,0.8349736666666665
403,403,TOTS3,2014,9.52381,38.022682,11.436786,35.0,50007,19.661092666666665,0.0,-2.245153000000002,-2.526071999999999,0.0005963647288568422,-1.5904083333333325
404,404,TOTS3,2015,9.52381,35.777529,8.910714,31.03,43350,18.070684333333332,-8.255714999999999,-22.682693,4.049470999999999,0.0004673905525969983,-8.962978999999999
405,405,TOTS3,2019,1.268095,13.094836,12.960185,64.82,115645,9.107705333333334,0.14142900000000003,5.100120999999998,3.4782420000000016,-0.010880782918149465,2.906597333333332
406,406,TOTS3,2020,1.409524,18.194957,16.438427,28.13,119017,12.014302666666666,0.0,0.0,0.0,0.0,0.0
407,407,TRIS3,2020,0.472973,15.88482,3.529412,11.9,119017,6.629068333333334,0.0,0.0,0.0,0.0,0.0
408,408,TRPL4,2015,19.798958,44.310952,39.616893,45.7,43350,34.575601,7.635566000000001,-16.376152,-12.508015999999998,0.0006414135301948446,-7.082867333333333
409,409,TRPL4,2017,27.434524,27.9348,27.108877,66.9,76402,27.492733666666666,-5.690476,-16.226878,-14.072784,0.00010304556904053029,-11.996712666666665
410,410,TRPL4,2018,21.744048,11.707922,13.036093,67.8,85136,15.496021,-1.6283619999999992,-3.0114420000000006,1.052169000000001,-0.0014749745976597069,-1.1958783333333347
411,411,TRPL4,2019,20.115686,8.69648,14.088262,22.8,115645,14.300142666666666,-9.743894000000001,2.122763000000001,11.705509,0.001539145907473309,1.3614593333333342
412,412,TRPL4,2020,10.371792,10.819243,25.793771,27.99,119017,15.661602,0.0,0.0,0.0,0.0,0.0
413,413,TUPY3,2020,0.0,9.116909,3.093668,21.34,119017,4.070192333333334,0.0,0.0,0.0,0.0,0.0
414,414,UGPA3,2013,15.366071,59.060131,39.0,55.95,51507,37.808734,-5.3765979999999995,-5.428084999999996,-0.33552600000000155,0.003,-3.7134029999999996
415,415,UGPA3,2014,9.989473,53.632046,38.664474,51.45,50007,34.095331,10.388594000000001,-9.234546000000002,-11.282895,-0.0013519603424966202,-3.376282333333336
416,416,UGPA3,2015,20.378067,44.3975,27.381579,60.45,43350,30.719048666666666,13.110157999999998,-0.3554680000000019,-2.401323999999999,0.00047401789417550515,3.451122000000005
417,417,UGPA3,2016,33.488225,44.042032,24.980255,68.45,60227,34.17017066666667,2.361015000000002,-6.108438,3.7864210000000007,0.0004049459041731065,0.01299933333333314
418,418,UGPA3,2017,35.84924,37.933594,28.766676,75.0,76402,34.183170000000004,11.40399,-15.731137999999998,-5.829761000000001,-0.002840622853217312,-3.3856363333333377
419,419,UGPA3,2018,47.25323,22.202456,22.936915,50.19,85136,30.797533666666666,-9.944589,1.715914999999999,-3.4491099999999975,-0.0008020584089940673,-3.892594666666664
420,420,UGPA3,2019,37.308641,23.918371,19.487805,25.72,115645,26.904939000000002,12.468558999999999,1.5652059999999999,-8.348190000000002,-0.0005397390272835114,1.895191666666669
421,421,UGPA3,2020,49.7772,25.483577,11.139615,23.9,119017,28.80013066666667,0.0,0.0,0.0,0.0,0.0
422,422,UNIP6,2020,0.0,5.357895,0.0,47.49,119017,1.785965,0.0,0.0,0.0,0.0,0.0
423,423,USIM5,2013,36.989402,46.1036,38.978,14.21,51507,40.690334,-16.202931,-1.2192730000000012,-2.9492499999999993,0.0061066666666666665,-6.790484666666671
424,424,USIM5,2014,20.786471,44.884327,36.02875,5.05,50007,33.89984933333333,12.315707000000003,-8.362865,-1.3585290000000043,0.0005257623554153522,0.8647710000000046
425,425,USIM5,2015,33.102178,36.521462,34.670221,1.55,43350,34.76462033333333,-14.096296000000002,-2.613756000000002,-3.160125999999998,0.00015109320376844224,-6.623392666666668
426,426,USIM5,2016,19.005882,33.907706,31.510095,4.1,60227,28.141227666666666,-4.036185,-4.982993999999998,-1.3191859999999984,0.0003091190108191654,-3.4461216666666665
427,427,USIM5,2017,14.969697,28.924712,30.190909,9.1,76402,24.695106,2.2652409999999996,-17.973447999999998,-18.485454,8.409143031878298e-06,-11.397886999999999
428,428,USIM5,2019,17.234938,10.951264,11.705455,9.43,115645,13.297219,-11.222817,3.8882080000000006,-0.3781820000000007,0.001491696322657177,-2.570930333333333
429,429,USIM5,2020,6.012121,14.839472,11.327273,14.46,119017,10.726288666666667,0.0,0.0,0.0,0.0,0.0
430,430,VALE3,2013,42.711102,60.74052,42.443243,35.71,51507,48.63162166666666,5.545311000000005,-2.107262999999996,4.125616000000001,0.0092,2.5212213333333366
431,431,VALE3,2014,48.256413,58.633257,46.568859,21.91,50007,51.152843,2.3255470000000003,-7.6843920000000026,-0.5093650000000025,0.0013339342045966653,-1.9560699999999969
432,432,VALE3,2015,50.58196,50.948865,46.059494,13.03,43350,49.196773,1.3308660000000003,-2.724019999999996,-14.813694000000002,0.0007495407951650175,-5.402282666666665
433,433,VALE3,2016,51.912826,48.224845,31.2458,25.68,60227,43.794490333333336,-2.6873385000000027,-5.889578,8.788988000000007,0.0009013910355486861,0.07069050000000487
434,434,VALE3,2017,49.2254875,42.335267,40.034788000000006,40.26,76402,43.86518083333334,16.642566166666654,-7.357022333333333,8.689081333333327,0.0011655598809251202,5.991541722222216
435,435,VALE3,2018,65.86805366666665,34.97824466666667,48.72386933333333,50.44,85136,49.85672255555556,4.87657333333334,-7.436922666666668,-11.309958333333334,0.00010357599396899287,-4.623435888888892
436,436,VALE3,2019,70.744627,27.541322,37.413911,53.6,115645,45.233286666666665,10.588449000000011,25.777588,17.036313,0.009997034400948991,17.800783333333342
437,437,VALE3,2020,81.333076,53.31891,54.450224,87.31,119017,63.03407000000001,0.0,0.0,0.0,0.0,0.0
438,438,VIVA3,2020,0.636364,12.227954,4.981081,27.88,119017,5.948466333333333,0.0,0.0,0.0,0.0,0.0
439,439,VIVT3,2013,35.573744,41.195977,34.805278,40.0,51507,37.19166633333334,0.9424460000000039,-4.865659000000001,3.8485689999999977,7.333333333333295e-05,-0.024881333333340194
440,440,VIVT3,2014,36.51619,36.330318,38.653847,39.89,50007,37.166785,-12.739431000000003,-1.1114090000000019,-2.7121330000000015,0.0008862851134144508,-5.520991000000002
441,441,VIVT3,2015,23.776759,35.218909,35.941714,33.99,43350,31.645793999999995,42.01687700000001,35.78792800000001,24.165253,0.00014279789062037073,33.990019333333336
442,442,VIVT3,2016,65.793636,71.006837,60.106967,36.4,60227,65.63581333333333,1.7817909999999983,-18.620454000000002,-2.0050799999999995,0.00029675425038639904,-6.281247666666658
443,443,VIVT3,2017,67.575427,52.386383,58.101887,41.2,76402,59.35456566666667,-37.325098000000004,-30.166608000000004,-36.912346,-4.1218227616212436e-05,-34.80135066666668
444,444,VIVT3,2018,30.250329,22.219775,21.189541,40.84,85136,24.553214999999998,54.596925000000006,37.267348,42.839733,0.00027827854075846456,44.901335333333336
445,445,VIVT3,2019,84.847254,59.487123,64.029274,49.33,115645,69.45455033333333,9.470743999999996,9.765842000000006,13.605238,-0.001017200474495848,10.947274666666672
446,446,VIVT3,2020,94.317998,69.252965,77.634512,45.9,119017,80.401825,0.0,0.0,0.0,0.0,0.0
447,447,VLID3,2014,11.935385,40.422903,30.064103,42.4,50007,27.474130333333335,1.5223069999999996,0.9708570000000023,-2.717949000000001,-1.5021781583295992e-05,-0.07492833333333238
448,448,VLID3,2015,13.457692,41.39376,27.346154,42.5,43350,27.399202000000002,-1.809692,-3.2720490000000026,-13.166666999999999,-0.0010588374711145347,-6.0828026666666695
449,449,VLID3,2016,11.648,38.121711,14.179487,24.63,60227,21.316399333333333,-3.877197,-25.286458999999997,-14.179487,-0.0002515733968361966,-14.447714333333334
450,450,VLID3,2020,7.770803,12.835252,0.0,9.84,119017,6.868685,0.0,0.0,0.0,0.0,0.0
451,451,WEGE3,2013,25.458065,31.875576,30.451226,31.16,51507,29.26162233333333,15.272591000000002,19.658429,23.082215000000005,0.0003733333333333325,19.337745
452,452,WEGE3,2014,40.730656,51.534005,53.533441,30.6,50007,48.59936733333333,2.176218999999996,-8.126756,6.674703999999998,0.0023509088177857897,0.24138899999999808
453,453,WEGE3,2015,42.906875,43.407249,60.208145,14.95,43350,48.84075633333333,3.5360879999999995,3.107047999999999,-15.393301000000001,3.258873022456602e-05,-2.9167216666666675
454,454,WEGE3,2016,46.442963,46.514297,44.814844,15.5,60227,45.924034666666664,13.440787,6.360959000000001,8.850378999999997,0.0005323029366306027,9.550708333333333
455,455,WEGE3,2017,59.88375,52.875256,53.665223,24.11,76402,55.474743,-8.998894999999997,-5.151733,-12.999528999999995,-0.0008140599954201969,-9.050052333333333
456,456,WEGE3,2018,50.884855,47.723523,40.665694,17.0,85136,46.42469066666666,4.879193999999998,2.136892000000003,10.141039999999997,0.000601134091579534,5.719042000000002
457,457,WEGE3,2019,55.764049,49.860415,50.806734,35.34,115645,52.143732666666665,-2.071449000000001,-1.5362690000000043,2.0001239999999996,0.011909845788849346,-0.5358646666666687
458,458,WEGE3,2020,53.6926,48.324146,52.806858,75.5,119017,51.607867999999996,0.0,0.0,0.0,0.0,0.0
459,459,WIZS3,2020,0.0,5.0,13.864782,7.94,119017,6.288260666666666,,,,,
